書名,作者,出版社,出版日期,ISBN,是否有電子書,URL
www.books.com.tw,,,,,無電子書,https://www.books.com.tw/products/0011012422
www.books.com.tw,,,,,無電子書,https://www.books.com.tw/products/0011039851
www.books.com.tw,,,,,無電子書,https://www.books.com.tw/products/0010990062
www.books.com.tw,,,,,無電子書,https://www.books.com.tw/products/0010834309
www.books.com.tw,,,,,無電子書,https://www.books.com.tw/products/0011014199
www.books.com.tw,,,,,無電子書,https://www.books.com.tw/products/0011042311
www.books.com.tw,,,,,無電子書,https://www.books.com.tw/products/0011042972
www.books.com.tw,,,,,無電子書,https://www.books.com.tw/products/0010994781
www.books.com.tw,,,,,無電子書,https://www.books.com.tw/products/0011045496
www.books.com.tw,,,,,無電子書,https://www.books.com.tw/products/0011042760
www.books.com.tw,,,,,無電子書,https://www.books.com.tw/products/0011038878
www.books.com.tw,,,,,無電子書,https://www.books.com.tw/products/0011045870
www.books.com.tw,,,,,無電子書,https://www.books.com.tw/products/0011044665
www.books.com.tw,,,,,無電子書,https://www.books.com.tw/products/0011041635
www.books.com.tw,,,,,無電子書,https://www.books.com.tw/products/0011042310
www.books.com.tw,,,,,無電子書,https://www.books.com.tw/products/0010822522
www.books.com.tw,,,,,無電子書,https://www.books.com.tw/products/0011046164
www.books.com.tw,,,,,無電子書,https://www.books.com.tw/products/0010914794
www.books.com.tw,,,,,無電子書,https://www.books.com.tw/products/0011041767
www.books.com.tw,,,,,無電子書,https://www.books.com.tw/products/0010977461
www.books.com.tw,,,,,無電子書,https://www.books.com.tw/products/0010996040
www.books.com.tw,,,,,無電子書,https://www.books.com.tw/products/0011042684
www.books.com.tw,,,,,無電子書,https://www.books.com.tw/products/0011044661
www.books.com.tw,,,,,無電子書,https://www.books.com.tw/products/0011041755
www.books.com.tw,,,,,無電子書,https://www.books.com.tw/products/0011041754
www.books.com.tw,,,,,無電子書,https://www.books.com.tw/products/0010987407
www.books.com.tw,,,,,無電子書,https://www.books.com.tw/products/0010919211
www.books.com.tw,,,,,無電子書,https://www.books.com.tw/products/0010901320
www.books.com.tw,,,,,無電子書,https://www.books.com.tw/products/0011027110
www.books.com.tw,,,,,無電子書,https://www.books.com.tw/products/0011045804
www.books.com.tw,,,,,無電子書,https://www.books.com.tw/products/0011035285
www.books.com.tw,,,,,無電子書,https://www.books.com.tw/products/0011042324
www.books.com.tw,,,,,無電子書,https://www.books.com.tw/products/0010980263
www.books.com.tw,,,,,無電子書,https://www.books.com.tw/products/0011044252
www.books.com.tw,,,,,無電子書,https://www.books.com.tw/products/0011041784
www.books.com.tw,,,,,無電子書,https://www.books.com.tw/products/0010780550
www.books.com.tw,,,,,無電子書,https://www.books.com.tw/products/0011041796
www.books.com.tw,,,,,無電子書,https://www.books.com.tw/products/0011045903
www.books.com.tw,,,,,無電子書,https://www.books.com.tw/products/0011045886
www.books.com.tw,,,,,無電子書,https://www.books.com.tw/products/0011042323
www.books.com.tw,,,,,無電子書,https://www.books.com.tw/products/0010929979
www.books.com.tw,,,,,無電子書,https://www.books.com.tw/products/0011045803
www.books.com.tw,,,,,無電子書,https://www.books.com.tw/products/0011041168
www.books.com.tw,,,,,無電子書,https://www.books.com.tw/products/0011041766
www.books.com.tw,,,,,無電子書,https://www.books.com.tw/products/0010947051
www.books.com.tw,,,,,無電子書,https://www.books.com.tw/products/0011044671
www.books.com.tw,,,,,無電子書,https://www.books.com.tw/products/0011043050
www.books.com.tw,,,,,無電子書,https://www.books.com.tw/products/0011042966
www.books.com.tw,,,,,無電子書,https://www.books.com.tw/products/0011044670
www.books.com.tw,,,,,無電子書,https://www.books.com.tw/products/0011041166
www.books.com.tw,,,,,無電子書,https://www.books.com.tw/products/0011041167
www.books.com.tw,,,,,無電子書,https://www.books.com.tw/products/0010920454
www.books.com.tw,,,,,無電子書,https://www.books.com.tw/products/0011044492
www.books.com.tw,,,,,無電子書,https://www.books.com.tw/products/0010993426
www.books.com.tw,,,,,無電子書,https://www.books.com.tw/products/0010957881
www.books.com.tw,,,,,無電子書,https://www.books.com.tw/products/0010831754
www.books.com.tw,,,,,無電子書,https://www.books.com.tw/products/0010953374
www.books.com.tw,,,,,無電子書,https://www.books.com.tw/products/0011037830
www.books.com.tw,,,,,無電子書,https://www.books.com.tw/products/0011044230
www.books.com.tw,,,,,無電子書,https://www.books.com.tw/products/0011043883
www.books.com.tw,,,,,無電子書,https://www.books.com.tw/products/0010653153
www.books.com.tw,,,,,無電子書,https://www.books.com.tw/products/0011045606
www.books.com.tw,,,,,無電子書,https://www.books.com.tw/products/0011043886
www.books.com.tw,,,,,無電子書,https://www.books.com.tw/products/0011044738
www.books.com.tw,,,,,無電子書,https://www.books.com.tw/products/0011043967
www.books.com.tw,,,,,無電子書,https://www.books.com.tw/products/0010985365
www.books.com.tw,,,,,無電子書,https://www.books.com.tw/products/0011020795
www.books.com.tw,,,,,無電子書,https://www.books.com.tw/products/0011034931
www.books.com.tw,,,,,無電子書,https://www.books.com.tw/products/0010995791
www.books.com.tw,,,,,無電子書,https://www.books.com.tw/products/0011044006
www.books.com.tw,,,,,無電子書,https://www.books.com.tw/products/0010931739
www.books.com.tw,,,,,無電子書,https://www.books.com.tw/products/0011010797
www.books.com.tw,,,,,無電子書,https://www.books.com.tw/products/0011037310
www.books.com.tw,,,,,無電子書,https://www.books.com.tw/products/0010944069
www.books.com.tw,,,,,無電子書,https://www.books.com.tw/products/0011044745
www.books.com.tw,,,,,無電子書,https://www.books.com.tw/products/0011009285
www.books.com.tw,,,,,無電子書,https://www.books.com.tw/products/0011016568
www.books.com.tw,,,,,無電子書,https://www.books.com.tw/products/0011038483
www.books.com.tw,,,,,無電子書,https://www.books.com.tw/products/0010824541
www.books.com.tw,,,,,無電子書,https://www.books.com.tw/products/0011023610
www.books.com.tw,,,,,無電子書,https://www.books.com.tw/products/0011045252
www.books.com.tw,,,,,無電子書,https://www.books.com.tw/products/0011009311
www.books.com.tw,,,,,無電子書,https://www.books.com.tw/products/0010692529
www.books.com.tw,,,,,無電子書,https://www.books.com.tw/products/0011044193
www.books.com.tw,,,,,無電子書,https://www.books.com.tw/products/0011046213
www.books.com.tw,,,,,無電子書,https://www.books.com.tw/products/0011038578
www.books.com.tw,,,,,無電子書,https://www.books.com.tw/products/0011033534
www.books.com.tw,,,,,無電子書,https://www.books.com.tw/products/0011006606
www.books.com.tw,,,,,無電子書,https://www.books.com.tw/products/0011036459
www.books.com.tw,,,,,無電子書,https://www.books.com.tw/products/0011042682
www.books.com.tw,,,,,無電子書,https://www.books.com.tw/products/0011035312
www.books.com.tw,,,,,無電子書,https://www.books.com.tw/products/0011043324
www.books.com.tw,,,,,無電子書,https://www.books.com.tw/products/0011043898
www.books.com.tw,,,,,無電子書,https://www.books.com.tw/products/0010991568
www.books.com.tw,,,,,無電子書,https://www.books.com.tw/products/0011042681
www.books.com.tw,,,,,無電子書,https://www.books.com.tw/products/0010993694
www.books.com.tw,,,,,無電子書,https://www.books.com.tw/products/0011045967
www.books.com.tw,,,,,無電子書,https://www.books.com.tw/products/0010928267
www.books.com.tw,,,,,無電子書,https://www.books.com.tw/products/0010993922
www.books.com.tw,,,,,無電子書,https://www.books.com.tw/products/0011046158
